{"hidden_layer": {"weights": [[0.14301528382665202, 0.04317743909751005, -0.03702678094333256, -0.008638694251864008], [-0.29162595326843854, 0.017305643882963705, -0.01793262106653207, -0.07262136693709437], [-0.0047242819497743975, 0.16042072190613632, 0.09206650955936778, -0.10821629031770517], [0.009651449717049137, 0.24849370800222978, 0.19549152144707763, 0.28107989861765514], [-0.07207307560001108, -0.14031796112655537, -0.10131234273586716, -0.11803657160662719], [0.038612620584780995, -0.1848098758280682, 0.04625179996769892, -0.1806306520805866], [0.7289726755407686, 0.4457010336096907, 0.010830669078280373, -0.43352397882442195], [1.7827837441230732, 0.6519857355810954, 0.7282477985264599, -1.9152371268518675]], "biases": [[-0.5313391015040918, -0.26462714563549744, -0.18352301371023583, 0.6020371103312914]]}, "output_layer": {"weights": [[0.30220272854968633], [0.13745163048618553], [0.09576296537450121], [-0.33072128307551973]], "biases": [[0.35833565698211756]]}, "activation_function": "Tanh"}